{
    "faces":[40,39,11,28,0,0,0,0,0,0,40,34,29,12,0,0,0,1,1,1,40,39,28,34,0,0,0,2,2,2,40,34,12,39,0,0,0,3,3,3,40,34,20,31,0,0,0,4,4,4,41,30,13,12,29,0,0,0,0,5,5,5,5,41,37,23,6,5,0,0,0,0,6,6,6,6,41,25,8,7,24,0,0,0,0,7,7,7,7,41,0,18,19,1,0,0,0,0,8,8,8,8,41,31,19,18,35,0,0,0,0,9,9,9,9,41,5,4,22,37,0,0,0,0,10,10,10,10,41,27,10,36,38,0,0,0,0,11,11,11,11,41,21,3,2,20,0,0,0,0,12,12,12,12,41,30,29,34,31,0,0,0,0,13,13,13,13,41,26,9,8,25,0,0,0,0,14,14,14,14,41,35,33,32,31,0,0,0,0,15,15,15,15,41,24,7,6,23,0,0,0,0,16,16,16,16,41,38,36,9,26,0,0,0,0,17,17,17,17,41,14,13,30,31,0,0,0,0,18,18,18,18,41,22,4,3,21,0,0,0,0,19,19,19,19,41,33,16,15,32,0,0,0,0,20,20,20,20,41,32,15,14,31,0,0,0,0,21,21,21,21,41,18,0,17,35,0,0,0,0,22,22,22,22,40,20,28,21,0,0,0,23,23,23,40,26,23,37,0,0,0,24,24,24,40,38,26,37,0,0,0,25,25,25,40,28,22,21,0,0,0,26,26,26,40,28,27,22,0,0,0,27,27,27,40,27,37,22,0,0,0,28,28,28,40,20,34,28,0,0,0,29,29,29,40,38,37,27,0,0,0,30,30,30,41,26,25,24,23,0,0,0,0,31,31,31,31,41,17,16,33,35,0,0,0,0,32,32,32,32,41,2,1,19,20,0,0,0,0,33,33,33,33,40,20,19,31,0,0,0,34,34,34,41,28,11,10,27,0,0,0,0,35,35,35,35],
    "vertices":[1.25729,5.30748,0.409614,1.18626,4.64165,0.39268,-0.395412,3.97006,0.787347,1.14309,3.96853,0.37556,0.960642,1.94992,0.32422,-0.395369,1.54686,0.725716,-1.75393,1.96485,0.3246,-1.84245,2.97999,0.350418,-1.16037,2.97154,0.555077,-1.12777,2.45847,0.542028,0.344028,2.47971,0.530538,0.400511,3.32248,0.551973,-1.87196,3.33049,0.359333,-1.93382,3.97177,0.375643,-0.392865,4.64212,0.804439,-1.9973,4.65114,0.392921,-2.07515,5.29746,0.40936,-0.393945,5.29707,0.821097,1.25729,5.30143,0.647576,1.18626,4.6356,0.630642,-0.389151,3.96401,1.02531,1.14309,3.96248,0.613522,0.960642,1.94386,0.562182,-1.75393,1.9588,0.562562,-1.84245,2.97394,0.58838,-1.16037,2.96549,0.793039,-1.12777,2.45241,0.77999,0.344028,2.47366,0.7685,0.400511,3.31643,0.789934,-1.87196,3.32444,0.597294,-1.93382,3.96572,0.613605,-0.393656,4.63607,1.0424,-1.9973,4.64508,0.630883,-2.07515,5.29141,0.647322,-0.392341,3.31699,1.0206,-0.394853,5.29099,1.05906,-0.385007,2.26369,0.743948,-0.395369,1.54081,0.963678,-0.385007,2.25764,0.981909,-0.391337,3.31847,0.770774],
    "metadata":{
        "faces":36,
        "normals":36,
        "uvs":1,
        "generator":"io_three",
        "version":3,
        "vertices":40,
        "type":"Geometry"
    },
    "normals":[-0.001962,-0.999675,-0.025424,0.002238,-0.999674,-0.025424,-0.002434,-0.999979,-0.005957,-0.006458,-0.999961,-0.005973,0.841969,-0.008077,0.539466,-0.995382,-0.095967,-0.002441,-0.287405,-0.9575,-0.024353,0.004752,0.999665,0.025424,0.994363,-0.105998,-0.002696,0.246764,-0.037674,0.968343,0.278178,-0.960219,-0.024422,-0.277432,0.960435,0.024427,0.007788,0.999649,0.025322,-0.265912,-0.027303,0.963611,0.997988,0.063376,0.001612,-0.243084,-0.039416,0.969204,-0.996222,-0.086821,-0.002208,0.247304,0.968625,0.024636,-0.404173,0.914404,0.022584,0.995943,-0.089959,-0.002288,-0.992829,-0.119503,-0.003039,0.000905,-0.999676,-0.025423,4.2e-05,0.999675,0.025488,0.259351,-0.034552,0.965165,-0.295661,-0.045265,0.95422,-0.267309,-0.020638,0.96339,0.270962,-0.048941,0.961345,0.283311,-0.043354,0.958048,0.292446,-0.031829,0.955752,0.279336,-0.008362,0.960157,0.288598,-0.028513,0.957026,-0.29076,-0.047351,0.955624,-0.005999,0.999657,0.025476,0.385281,-0.922358,-0.028529,0.252123,-0.022915,0.967424,-0.997763,0.066827,0.0017],
    "uvs":[[0,0]]
}