{
    "faces":[33,15,13,3,9,0,0,0,0,33,19,16,5,10,1,1,1,1,33,17,18,8,4,2,2,2,2,33,12,14,7,1,3,3,3,3,33,18,19,10,8,4,4,4,4,33,14,15,9,7,5,5,5,5,33,8,10,15,14,6,6,6,6,33,4,8,14,12,7,7,7,7,33,10,5,13,15,8,8,8,8,33,6,11,19,18,9,9,9,9,33,0,6,18,17,10,10,10,10,33,11,2,16,19,11,11,11,11,33,13,5,36,27,12,12,12,12,33,2,11,25,21,13,13,13,13,33,11,6,37,25,14,14,14,14,33,6,0,20,37,15,15,15,15,33,1,7,38,33,16,16,16,16,33,12,1,33,26,17,17,17,17,33,5,16,43,36,18,18,18,18,33,4,12,26,35,19,19,19,19,33,0,17,30,20,20,20,20,20,33,16,2,21,43,21,21,21,21,33,3,13,27,34,22,22,22,22,33,17,4,35,30,23,23,23,23,33,7,9,23,38,24,24,24,24,33,42,23,34,27,25,25,25,25,33,45,40,36,43,26,26,26,26,33,30,35,39,44,27,27,27,27,33,26,33,38,41,28,28,28,28,33,44,39,31,24,29,29,29,29,33,41,38,23,42,30,30,30,30,33,45,44,24,22,31,31,31,31,33,35,26,41,39,32,32,32,32,33,40,42,27,36,33,33,33,33,33,37,44,45,25,34,34,34,34,33,20,30,44,37,35,35,35,35,33,25,45,43,21,36,36,36,36,33,24,31,29,22,37,37,37,37,33,31,32,28,29,38,38,38,38,33,39,41,32,31,39,39,39,39,33,40,45,22,29,40,40,40,40,33,42,40,29,28,41,41,41,41,33,41,42,28,32,42,42,42,42,33,23,9,3,34,43,43,43,43],
    "vertices":[-2.56285,0.93145,-0.78445,1.76056,0.93145,-0.78445,-3.03027,6.33379,-0.647049,2.2814,6.33379,-0.647049,-0.387851,0.342896,-0.229731,-0.387851,6.31931,-0.077729,-2.59953,1.42215,-0.771969,1.80143,1.42215,-0.771969,-0.387851,0.811897,-0.217802,2.24179,5.87506,-0.658716,-0.387851,5.86482,-0.089289,-2.99473,5.87506,-0.658716,1.36409,0.825511,-0.787144,1.78882,6.33379,-0.647049,1.35736,1.31221,-0.774766,1.75652,5.87584,-0.658696,-2.55355,6.33379,-0.647049,-2.17046,0.82788,-0.787084,-2.18716,1.31467,-0.774703,-2.52441,5.87582,-0.658697,-2.56285,0.909988,0.059396,-3.03027,6.31233,0.196797,-2.52441,5.85005,0.354871,2.24179,5.8536,0.18513,-2.18716,1.28889,0.238864,-2.99473,5.8536,0.18513,1.36409,0.804049,0.056702,1.78882,6.31233,0.196797,1.75652,5.85006,0.354871,-0.387851,5.83904,0.924279,-2.17046,0.806418,0.056762,-0.387851,0.786118,0.795765,1.35736,1.28643,0.238802,1.76056,0.909988,0.059396,2.2814,6.31233,0.196797,-0.387851,0.321434,0.614115,-0.387851,6.29785,0.766116,-2.59953,1.40069,0.071876,1.80143,1.40069,0.071876,-0.387851,0.790435,0.626043,-0.387851,5.84335,0.754557,1.35736,1.29075,0.06908,1.75652,5.85438,0.185149,-2.55355,6.31233,0.196797,-2.18716,1.29321,0.069143,-2.52441,5.85436,0.185149],
    "metadata":{
        "faces":44,
        "normals":44,
        "uvs":0,
        "generator":"io_three",
        "version":3,
        "vertices":46,
        "type":"Geometry"
    },
    "normals":[-0,0.025425,-0.999677,0.255914,0.032743,-0.966145,0.304325,0.029536,-0.95211,-0,0.025425,-0.999677,0.279084,0.034197,-0.959657,-0,0.025425,-0.999677,-0.282353,0.036101,-0.958631,-0.309146,0.022003,-0.95076,-0.254872,0.033601,-0.966391,0,0.025425,-0.999677,0,0.025425,-0.999677,-0,0.025425,-0.999677,0,0.999677,0.025426,-0.997013,-0.077207,-0.001964,-0.996087,-0.088345,-0.002247,-0.99722,-0.074496,-0.001895,0.996551,-0.082954,-0.00211,0.25823,-0.965771,-0.024563,-0,0.999677,0.025426,0.25823,-0.965771,-0.024563,-0.25528,-0.966555,-0.024583,0,0.999677,0.025425,0,0.999677,0.025425,-0.25528,-0.966555,-0.024583,0.995149,-0.098349,-0.002501,0,-0.025425,0.999677,-0.255914,-0.032743,0.966145,-0.304325,-0.029536,0.95211,0,-0.025425,0.999677,-0.261983,-0.964761,-0.024537,0,-0.025425,0.999677,-0.997279,-0.073691,-0.001874,0.309146,-0.022003,0.95076,0.254872,-0.033601,0.966391,-0,-0.025425,0.999677,-0,-0.025425,0.999677,0,-0.025425,0.999677,-0.279084,-0.034197,0.959657,0.282353,-0.036101,0.958631,0.268264,-0.963034,-0.024493,-0.001625,0.999675,0.025424,0.001611,0.999675,0.025424,0.996199,-0.087077,-0.002215,0.996295,-0.085969,-0.002186],
    "uvs":[]
}